Product,SKU,Pictures
1S Li-Ion Battery Protection,333049,
Breadboard Power Supply Board,333084,
MPPT Li-Ion CN3791 Charger Board,333136,
Li-Ion Battery 40mAh 3.7V,333275,
Li-Ion Battery 100mAh 3.7V,333276,
Li-Ion Battery 380mAh 3.7V,333277,
Li-Ion Battery 500mAh 3.7V,333278,
Li-Ion Battery 600mAh 3.7V,333279,
Li-Ion Battery 680mAh 3.7V,333280,
Li-Ion Battery 900mAh 3.7V,333281,
Li-Ion Battery 1200mAh 3.7V,333282,
Li-Ion Battery 1500mAh 3.7V,333283,
Li-Ion Battery 1800mAh 3.7V,333284,
Li-Ion Battery 2100mAh 3.7V,333285,
Li-Ion Battery 3000mAh 3.7V,333286,
Li-Ion Battery 4000mAh 3.7V,333287,
Li-Ion Battery 5000mAh 3.7V,333288,
Li-Ion Battery 6000mAh 3.7V,333289,
Li-Ion Battery 10000mAh 3.7V,333290,
Li-Ion Battery Charger,333013,
Li-Ion Battery Charger with Protection,333014,
